,Dominus_Empyreus,Violet_Valkyrie,Red_Valkyrie,RBLX,VWCE_DE
Dominus_Empyreus,1.0,0.03868509887673111,0.005782725922423469,-0.00022043305541251802,0.020305523831645234
Violet_Valkyrie,0.03868509887673111,1.0,-0.030396490178358975,0.0380534739559536,-0.005676925248966754
Red_Valkyrie,0.005782725922423469,-0.030396490178358975,1.0,0.025840446007501836,-0.021926910604624695
RBLX,-0.00022043305541251802,0.0380534739559536,0.025840446007501836,1.0,0.15693076455541005
VWCE_DE,0.020305523831645234,-0.005676925248966754,-0.021926910604624695,0.15693076455541005,1.0
